-- phpMyAdmin SQL Dump
-- version 5.2.1
-- https://www.phpmyadmin.net/
--
-- Host: 127.0.0.1:3306
-- Generation Time: Apr 13, 2025 at 04:26 PM
-- Server version: 8.0.41
-- PHP Version: 8.2.13

SET SQL_MODE = "NO_AUTO_VALUE_ON_ZERO";
START TRANSACTION;
SET time_zone = "+00:00";


/*!40101 SET @OLD_CHARACTER_SET_CLIENT=@@CHARACTER_SET_CLIENT */;
/*!40101 SET @OLD_CHARACTER_SET_RESULTS=@@CHARACTER_SET_RESULTS */;
/*!40101 SET @OLD_COLLATION_CONNECTION=@@COLLATION_CONNECTION */;
/*!40101 SET NAMES utf8mb4 */;

--
-- Database: `bookstore`
--

-- --------------------------------------------------------

--
-- Table structure for table `address`
--

DROP TABLE IF EXISTS `address`;
CREATE TABLE IF NOT EXISTS `address` (
  `address_id` int NOT NULL AUTO_INCREMENT,
  `street_number` varchar(10) NOT NULL,
  `street_name` varchar(100) NOT NULL,
  `city` varchar(50) NOT NULL,
  `postal_code` varchar(20) NOT NULL,
  `country_id` int NOT NULL,
  PRIMARY KEY (`address_id`),
  KEY `country_id` (`country_id`)
) ENGINE=InnoDB AUTO_INCREMENT=4 DEFAULT CHARSET=utf8mb4 COLLATE=utf8mb4_0900_ai_ci;

--
-- Dumping data for table `address`
--

INSERT INTO `address` (`address_id`, `street_number`, `street_name`, `city`, `postal_code`, `country_id`) VALUES
(1, '123', 'Main St', 'New York', '10001', 1),
(2, '456', 'Oak Ave', 'London', 'SW1A 1AA', 2),
(3, '789', 'Maple Rd', 'Toronto', 'M5V 2H1', 3);

-- --------------------------------------------------------

--
-- Table structure for table `address_status`
--

DROP TABLE IF EXISTS `address_status`;
CREATE TABLE IF NOT EXISTS `address_status` (
  `status_id` int NOT NULL AUTO_INCREMENT,
  `status_value` varchar(20) NOT NULL,
  PRIMARY KEY (`status_id`)
) ENGINE=InnoDB AUTO_INCREMENT=5 DEFAULT CHARSET=utf8mb4 COLLATE=utf8mb4_0900_ai_ci;

--
-- Dumping data for table `address_status`
--

INSERT INTO `address_status` (`status_id`, `status_value`) VALUES
(1, 'Current'),
(2, 'Previous'),
(3, 'Billing'),
(4, 'Shipping');

-- --------------------------------------------------------

--
-- Table structure for table `author`
--

DROP TABLE IF EXISTS `author`;
CREATE TABLE IF NOT EXISTS `author` (
  `author_id` int NOT NULL AUTO_INCREMENT,
  `first_name` varchar(50) NOT NULL,
  `last_name` varchar(50) NOT NULL,
  `birth_date` date DEFAULT NULL,
  `biography` text,
  PRIMARY KEY (`author_id`)
) ENGINE=InnoDB AUTO_INCREMENT=4 DEFAULT CHARSET=utf8mb4 COLLATE=utf8mb4_0900_ai_ci;

--
-- Dumping data for table `author`
--

INSERT INTO `author` (`author_id`, `first_name`, `last_name`, `birth_date`, `biography`) VALUES
(1, 'George', 'Orwell', '1903-06-25', NULL),
(2, 'J.K.', 'Rowling', '1965-07-31', NULL),
(3, 'Stephen', 'King', '1947-09-21', NULL);

-- --------------------------------------------------------

--
-- Table structure for table `book`
--

DROP TABLE IF EXISTS `book`;
CREATE TABLE IF NOT EXISTS `book` (
  `book_id` int NOT NULL AUTO_INCREMENT,
  `title` varchar(100) NOT NULL,
  `isbn` varchar(20) NOT NULL,
  `publisher_id` int DEFAULT NULL,
  `language_id` int DEFAULT NULL,
  `num_pages` int DEFAULT NULL,
  `publication_date` date DEFAULT NULL,
  `price` decimal(10,2) NOT NULL,
  `stock_quantity` int NOT NULL DEFAULT '0',
  PRIMARY KEY (`book_id`),
  UNIQUE KEY `isbn` (`isbn`),
  KEY `publisher_id` (`publisher_id`),
  KEY `language_id` (`language_id`)
) ENGINE=InnoDB AUTO_INCREMENT=5 DEFAULT CHARSET=utf8mb4 COLLATE=utf8mb4_0900_ai_ci;

--
-- Dumping data for table `book`
--

INSERT INTO `book` (`book_id`, `title`, `isbn`, `publisher_id`, `language_id`, `num_pages`, `publication_date`, `price`, `stock_quantity`) VALUES
(1, '1984', '9780451524935', 1, 1, 328, '1950-06-08', 9.99, 50),
(2, 'Animal Farm', '9780451526342', 1, 1, 112, '1945-08-17', 7.99, 30),
(3, 'Harry Potter and the Philosopher\'s Stone', '9780747532743', 2, 1, 223, '1997-06-26', 12.99, 100),
(4, 'The Shining', '9780307743657', 3, 1, 447, '1977-01-28', 14.99, 40);

-- --------------------------------------------------------

--
-- Table structure for table `book_author`
--

DROP TABLE IF EXISTS `book_author`;
CREATE TABLE IF NOT EXISTS `book_author` (
  `book_id` int NOT NULL,
  `author_id` int NOT NULL,
  PRIMARY KEY (`book_id`,`author_id`),
  KEY `author_id` (`author_id`)
) ENGINE=InnoDB DEFAULT CHARSET=utf8mb4 COLLATE=utf8mb4_0900_ai_ci;

--
-- Dumping data for table `book_author`
--

INSERT INTO `book_author` (`book_id`, `author_id`) VALUES
(1, 1),
(2, 1),
(3, 2),
(4, 3);

-- --------------------------------------------------------

--
-- Table structure for table `book_language`
--

DROP TABLE IF EXISTS `book_language`;
CREATE TABLE IF NOT EXISTS `book_language` (
  `language_id` int NOT NULL AUTO_INCREMENT,
  `language_name` varchar(50) NOT NULL,
  `language_code` varchar(10) NOT NULL,
  PRIMARY KEY (`language_id`)
) ENGINE=InnoDB AUTO_INCREMENT=5 DEFAULT CHARSET=utf8mb4 COLLATE=utf8mb4_0900_ai_ci;

--
-- Dumping data for table `book_language`
--

INSERT INTO `book_language` (`language_id`, `language_name`, `language_code`) VALUES
(1, 'English', 'en'),
(2, 'French', 'fr'),
(3, 'Spanish', 'es'),
(4, 'German', 'de');

-- --------------------------------------------------------

--
-- Table structure for table `country`
--

DROP TABLE IF EXISTS `country`;
CREATE TABLE IF NOT EXISTS `country` (
  `country_id` int NOT NULL AUTO_INCREMENT,
  `country_name` varchar(50) NOT NULL,
  `country_code` varchar(10) NOT NULL,
  PRIMARY KEY (`country_id`)
) ENGINE=InnoDB AUTO_INCREMENT=5 DEFAULT CHARSET=utf8mb4 COLLATE=utf8mb4_0900_ai_ci;

--
-- Dumping data for table `country`
--

INSERT INTO `country` (`country_id`, `country_name`, `country_code`) VALUES
(1, 'United States', 'US'),
(2, 'United Kingdom', 'UK'),
(3, 'Canada', 'CA'),
(4, 'France', 'FR');

-- --------------------------------------------------------

--
-- Table structure for table `customer`
--

DROP TABLE IF EXISTS `customer`;
CREATE TABLE IF NOT EXISTS `customer` (
  `customer_id` int NOT NULL AUTO_INCREMENT,
  `first_name` varchar(50) NOT NULL,
  `last_name` varchar(50) NOT NULL,
  `email` varchar(100) NOT NULL,
  `phone` varchar(20) DEFAULT NULL,
  PRIMARY KEY (`customer_id`),
  UNIQUE KEY `email` (`email`)
) ENGINE=InnoDB AUTO_INCREMENT=4 DEFAULT CHARSET=utf8mb4 COLLATE=utf8mb4_0900_ai_ci;

--
-- Dumping data for table `customer`
--

INSERT INTO `customer` (`customer_id`, `first_name`, `last_name`, `email`, `phone`) VALUES
(1, 'John', 'Doe', 'john.doe@example.com', '555-123-4567'),
(2, 'Jane', 'Smith', 'jane.smith@example.com', '555-987-6543'),
(3, 'Robert', 'Johnson', 'robert.j@example.com', '555-456-7890');

-- --------------------------------------------------------

--
-- Table structure for table `customer_address`
--

DROP TABLE IF EXISTS `customer_address`;
CREATE TABLE IF NOT EXISTS `customer_address` (
  `customer_id` int NOT NULL,
  `address_id` int NOT NULL,
  `status_id` int NOT NULL,
  PRIMARY KEY (`customer_id`,`address_id`),
  KEY `address_id` (`address_id`),
  KEY `status_id` (`status_id`)
) ENGINE=InnoDB DEFAULT CHARSET=utf8mb4 COLLATE=utf8mb4_0900_ai_ci;

--
-- Dumping data for table `customer_address`
--

INSERT INTO `customer_address` (`customer_id`, `address_id`, `status_id`) VALUES
(1, 1, 1),
(2, 3, 1),
(1, 2, 2);

-- --------------------------------------------------------

--
-- Table structure for table `cust_order`
--

DROP TABLE IF EXISTS `cust_order`;
CREATE TABLE IF NOT EXISTS `cust_order` (
  `order_id` int NOT NULL AUTO_INCREMENT,
  `customer_id` int NOT NULL,
  `order_date` datetime NOT NULL DEFAULT CURRENT_TIMESTAMP,
  `shipping_method_id` int NOT NULL,
  `address_id` int NOT NULL,
  `order_status_id` int NOT NULL DEFAULT '1',
  PRIMARY KEY (`order_id`),
  KEY `customer_id` (`customer_id`),
  KEY `shipping_method_id` (`shipping_method_id`),
  KEY `address_id` (`address_id`),
  KEY `order_status_id` (`order_status_id`)
) ENGINE=InnoDB AUTO_INCREMENT=3 DEFAULT CHARSET=utf8mb4 COLLATE=utf8mb4_0900_ai_ci;

--
-- Dumping data for table `cust_order`
--

INSERT INTO `cust_order` (`order_id`, `customer_id`, `order_date`, `shipping_method_id`, `address_id`, `order_status_id`) VALUES
(1, 1, '2025-01-15 10:30:00', 1, 1, 4),
(2, 2, '2025-02-20 14:45:00', 2, 3, 3);

-- --------------------------------------------------------

--
-- Table structure for table `order_history`
--

DROP TABLE IF EXISTS `order_history`;
CREATE TABLE IF NOT EXISTS `order_history` (
  `history_id` int NOT NULL AUTO_INCREMENT,
  `order_id` int NOT NULL,
  `status_id` int NOT NULL,
  `status_date` datetime NOT NULL DEFAULT CURRENT_TIMESTAMP,
  `notes` text,
  PRIMARY KEY (`history_id`),
  KEY `order_id` (`order_id`),
  KEY `status_id` (`status_id`)
) ENGINE=InnoDB AUTO_INCREMENT=8 DEFAULT CHARSET=utf8mb4 COLLATE=utf8mb4_0900_ai_ci;

--
-- Dumping data for table `order_history`
--

INSERT INTO `order_history` (`history_id`, `order_id`, `status_id`, `status_date`, `notes`) VALUES
(1, 1, 1, '2025-01-15 10:30:00', 'Order placed'),
(2, 1, 2, '2025-01-15 11:00:00', 'Payment received'),
(3, 1, 3, '2025-01-16 09:15:00', 'Shipped via standard shipping'),
(4, 1, 4, '2025-01-18 14:30:00', 'Delivered to customer'),
(5, 2, 1, '2025-02-20 14:45:00', 'Order placed'),
(6, 2, 2, '2025-02-20 15:30:00', 'Payment received'),
(7, 2, 3, '2025-02-21 10:00:00', 'Shipped via express shipping');

-- --------------------------------------------------------

--
-- Table structure for table `order_line`
--

DROP TABLE IF EXISTS `order_line`;
CREATE TABLE IF NOT EXISTS `order_line` (
  `line_id` int NOT NULL AUTO_INCREMENT,
  `order_id` int NOT NULL,
  `book_id` int NOT NULL,
  `quantity` int NOT NULL DEFAULT '1',
  `price` decimal(10,2) NOT NULL,
  PRIMARY KEY (`line_id`),
  KEY `order_id` (`order_id`),
  KEY `book_id` (`book_id`)
) ENGINE=InnoDB AUTO_INCREMENT=4 DEFAULT CHARSET=utf8mb4 COLLATE=utf8mb4_0900_ai_ci;

--
-- Dumping data for table `order_line`
--

INSERT INTO `order_line` (`line_id`, `order_id`, `book_id`, `quantity`, `price`) VALUES
(1, 1, 1, 1, 9.99),
(2, 1, 3, 2, 12.99),
(3, 2, 4, 1, 14.99);

-- --------------------------------------------------------

--
-- Table structure for table `order_status`
--

DROP TABLE IF EXISTS `order_status`;
CREATE TABLE IF NOT EXISTS `order_status` (
  `status_id` int NOT NULL AUTO_INCREMENT,
  `status_value` varchar(20) NOT NULL,
  PRIMARY KEY (`status_id`)
) ENGINE=InnoDB AUTO_INCREMENT=6 DEFAULT CHARSET=utf8mb4 COLLATE=utf8mb4_0900_ai_ci;

--
-- Dumping data for table `order_status`
--

INSERT INTO `order_status` (`status_id`, `status_value`) VALUES
(1, 'Pending'),
(2, 'Processing'),
(3, 'Shipped'),
(4, 'Delivered'),
(5, 'Cancelled');

-- --------------------------------------------------------

--
-- Table structure for table `publisher`
--

DROP TABLE IF EXISTS `publisher`;
CREATE TABLE IF NOT EXISTS `publisher` (
  `publisher_id` int NOT NULL AUTO_INCREMENT,
  `publisher_name` varchar(100) NOT NULL,
  `contact_info` varchar(100) DEFAULT NULL,
  PRIMARY KEY (`publisher_id`)
) ENGINE=InnoDB AUTO_INCREMENT=4 DEFAULT CHARSET=utf8mb4 COLLATE=utf8mb4_0900_ai_ci;

--
-- Dumping data for table `publisher`
--

INSERT INTO `publisher` (`publisher_id`, `publisher_name`, `contact_info`) VALUES
(1, 'Penguin Books', 'contact@penguin.com'),
(2, 'HarperCollins', 'info@harpercollins.com'),
(3, 'Simon & Schuster', 'support@simonandschuster.com');

-- --------------------------------------------------------

--
-- Table structure for table `shipping_method`
--

DROP TABLE IF EXISTS `shipping_method`;
CREATE TABLE IF NOT EXISTS `shipping_method` (
  `method_id` int NOT NULL AUTO_INCREMENT,
  `method_name` varchar(50) NOT NULL,
  `cost` decimal(10,2) NOT NULL,
  PRIMARY KEY (`method_id`)
) ENGINE=InnoDB AUTO_INCREMENT=4 DEFAULT CHARSET=utf8mb4 COLLATE=utf8mb4_0900_ai_ci;

--
-- Dumping data for table `shipping_method`
--

INSERT INTO `shipping_method` (`method_id`, `method_name`, `cost`) VALUES
(1, 'Standard', 5.99),
(2, 'Express', 12.99),
(3, 'Overnight', 24.99);

--
-- Constraints for dumped tables
--

--
-- Constraints for table `address`
--
ALTER TABLE `address`
  ADD CONSTRAINT `address_ibfk_1` FOREIGN KEY (`country_id`) REFERENCES `country` (`country_id`);

--
-- Constraints for table `book`
--
ALTER TABLE `book`
  ADD CONSTRAINT `book_ibfk_1` FOREIGN KEY (`publisher_id`) REFERENCES `publisher` (`publisher_id`),
  ADD CONSTRAINT `book_ibfk_2` FOREIGN KEY (`language_id`) REFERENCES `book_language` (`language_id`);

--
-- Constraints for table `book_author`
--
ALTER TABLE `book_author`
  ADD CONSTRAINT `book_author_ibfk_1` FOREIGN KEY (`book_id`) REFERENCES `book` (`book_id`),
  ADD CONSTRAINT `book_author_ibfk_2` FOREIGN KEY (`author_id`) REFERENCES `author` (`author_id`);

--
-- Constraints for table `customer_address`
--
ALTER TABLE `customer_address`
  ADD CONSTRAINT `customer_address_ibfk_1` FOREIGN KEY (`customer_id`) REFERENCES `customer` (`customer_id`),
  ADD CONSTRAINT `customer_address_ibfk_2` FOREIGN KEY (`address_id`) REFERENCES `address` (`address_id`),
  ADD CONSTRAINT `customer_address_ibfk_3` FOREIGN KEY (`status_id`) REFERENCES `address_status` (`status_id`);

--
-- Constraints for table `cust_order`
--
ALTER TABLE `cust_order`
  ADD CONSTRAINT `cust_order_ibfk_1` FOREIGN KEY (`customer_id`) REFERENCES `customer` (`customer_id`),
  ADD CONSTRAINT `cust_order_ibfk_2` FOREIGN KEY (`shipping_method_id`) REFERENCES `shipping_method` (`method_id`),
  ADD CONSTRAINT `cust_order_ibfk_3` FOREIGN KEY (`address_id`) REFERENCES `address` (`address_id`),
  ADD CONSTRAINT `cust_order_ibfk_4` FOREIGN KEY (`order_status_id`) REFERENCES `order_status` (`status_id`);

--
-- Constraints for table `order_history`
--
ALTER TABLE `order_history`
  ADD CONSTRAINT `order_history_ibfk_1` FOREIGN KEY (`order_id`) REFERENCES `cust_order` (`order_id`),
  ADD CONSTRAINT `order_history_ibfk_2` FOREIGN KEY (`status_id`) REFERENCES `order_status` (`status_id`);

--
-- Constraints for table `order_line`
--
ALTER TABLE `order_line`
  ADD CONSTRAINT `order_line_ibfk_1` FOREIGN KEY (`order_id`) REFERENCES `cust_order` (`order_id`),
  ADD CONSTRAINT `order_line_ibfk_2` FOREIGN KEY (`book_id`) REFERENCES `book` (`book_id`);
COMMIT;

